{
  "project_info": {
    "project_number": "593171189739",
    "project_id": "controle-de-ponto-a2381",
    "storage_bucket": "controle-de-ponto-a2381.appspot.com"
  },
  "client": [
    {
      "client_info": {
        "mobilesdk_app_id": "1:593171189739:android:078cb979a52432427153ae",
        "android_client_info": {
          "package_name": "com.example.controledeponto"
        }
      },
      "oauth_client": [
        {
          "client_id": "593171189739-j80t6nc1hgra7lijm91n08dv0099ggne.apps.googleusercontent.com",
          "client_type": 3
        }
      ],
      "api_key": [
        {
          "current_key": "AIzaSyDXXF39ycx4QTMK4qLQA0w5t57eVyBwt3c"
        }
      ],
      "services": {
        "appinvite_service": {
          "other_platform_oauth_client": [
            {
              "client_id": "593171189739-j80t6nc1hgra7lijm91n08dv0099ggne.apps.googleusercontent.com",
              "client_type": 3
            }
          ]
        }
      }
    }
  ],
  "configuration_version": "1"
}